Country,year,GDP_pc,product_hr,product_emp,work_hour,work_hour_sq,elderly,unemp,gap,RnD,min_wage,min_wage_sq,edu_tertiary
Australia,2000,10.2488267,3.48440986,10.99704153,1779.63,3167082.937,12.425,6.282619134,17.2,1.5763,10.55,111.3025,27.475746
Australia,2001,10.29129685,3.534776306,11.03801281,1746.37,3049808.177,12.55,6.742314544,14.3,0,10.46,109.4116,28.977322
Australia,2002,10.33335134,3.572604565,11.06493156,1741.82,3033936.912,12.659,6.367617339,15,1.75233,10.56,111.5136,30.759785
Australia,2003,10.38113215,3.613438679,11.10799188,1735.1,3010572.01,12.747,5.928697905,13,0,10.7,114.49,31.314152
Australia,2004,10.42989669,3.638485439,11.13471018,1733.74,3005854.388,12.85,5.394725774,14.4,1.85634,10.89,118.5921,30.82308
Australia,2005,10.47928058,3.676580785,11.17305681,1732.26,3000724.708,12.959,5.032480197,15.8,0,10.97,120.3409,31.691153
Australia,2006,10.54124839,3.720097001,11.21632048,1721.66,2964113.156,13.027,4.782292291,16.7,2.18708,10.81,116.8561,33.022213
Australia,2007,10.5865274,3.759715642,11.25346905,1722.64,2967488.57,13.139,4.376954164,15.4,0,11.16,124.5456,33.73671
Australia,2008,10.59900276,3.807597586,11.27699896,1720.88,2961427.974,13.201,4.234158386,11.9,2.40692,10.97,120.3409,36.149986
Australia,2009,10.63622381,3.835250141,11.31913605,1692.33,2863980.829,13.326,5.560666223,16.4,0,11.11,123.4321,36.881355
Australia,2010,10.66399798,3.87060279,11.3409121,1699.94,2889796.004,13.556,5.211326244,14,2.37976,11.06,122.3236,37.604309
Australia,2011,10.70142956,3.895190572,11.37479579,1699.92,2889728.006,13.822,5.081091691,16,2.24145,11.14,124.0996,38.342072
Australia,2012,10.68919524,3.89856412,11.37141287,1692.55,2864725.503,14.137,5.22357559,13.8,0,11.3,127.69,41.282364
Australia,2013,10.77396917,3.992113829,11.46804217,1689.38,2854004.784,14.4,5.661975738,18,2.18214,11.33,128.3689,39.539928
Australia,2014,10.77139934,3.987380799,11.46083969,1683.27,2833397.893,14.663,6.07675792,15.4,0,11.36,129.0496,41.901855
Australia,2015,10.76534422,3.99345594,11.45079941,1683.55,2834340.603,14.924,6.054210508,13,1.92296,11.5,132.25,42.888756
Australia,2016,10.82594733,4.044257698,11.50585653,1673.4,2800267.56,15.18,5.709901434,11.5,0,11.63,135.2569,43.7439
Australia,2017,10.84419758,4.06227965,11.51557472,1674.9,2805290.01,15.409,5.591125763,11.7,0,11.74,137.8276,45.355675
Australia,2018,10.89047818,4.104087578,11.55385574,1665.04,2772358.202,15.663,5.298299944,11.7,,12.14,147.3796,45.727478
Austria,2000,10.28830814,3.618969948,11.04611409,1681,2825761,15.426,3.53461546,23.1,1.88602,,0,
Austria,2001,10.29942397,3.633907956,11.05388789,1669,2785561,15.463,3.590759246,22.8,1.9921,,0,
Austria,2002,10.34746965,3.689647809,11.10782864,1666,2775556,15.464,3.952057851,24.5,2.06598,,0,
Austria,2003,10.37728754,3.722236084,11.13560343,1658,2748964,15.444,4.285047436,21.1,2.17456,,0,
Austria,2004,10.4268431,3.770636522,11.18520941,1660,2755600,15.711,5.488431877,22.4,2.16612,,0,24.783438
Austria,2005,10.46380474,3.815781981,11.21701325,1638,2683044,16.223,5.627152364,22,2.37324,,0,24.639351
Austria,2006,10.53528823,3.884893362,11.2763086,1622,2630884,16.665,5.242497229,21.9,2.35923,,0,25.356432
Austria,2007,10.58129465,3.92226763,11.30749855,1612,2598544,17.026,4.858206331,21.6,2.41843,,0,25.092672
Austria,2008,10.62900566,3.958641843,11.33952088,1605,2576025,17.262,4.127410857,20.9,2.56945,,0,26.191858
Austria,2009,10.62051052,3.983721055,11.33872298,1564,2446096,17.526,5.301832277,19.4,2.59674,,0,26.895824
Austria,2010,10.6465968,4.00911663,11.35963279,1557,2424249,17.672,4.820354847,19.2,2.7261,,0,27.743721
Austria,2011,10.70255231,4.049712036,11.40343437,1562,2439844,17.69,4.564053954,18.6,2.66868,,0,27.956152
Austria,2012,10.74672694,4.102235976,11.44177367,1540,2371600,17.947,4.864471424,18.2,2.91472,,0,28.739943
Austria,2013,10.77763621,4.14548965,11.47523933,1525,2325625,18.19,5.334924643,18.1,2.95492,,0,29.738844
Austria,2014,10.7957629,4.167907971,11.49173854,1516,2298256,18.399,5.618473896,17.7,3.08506,,0,29.904896
Austria,2015,10.81888701,4.205608826,11.51882921,1500,2250000,18.477,5.722094067,17,3.04771,,0,30.550726
Austria,2016,10.8707447,4.24926339,11.57045194,1512,2286144,18.495,6.013551509,15.7,3.15124,,0,31.383963
Austria,2017,10.90874966,4.277821118,11.59834808,1511,2283121,18.599,5.499240299,15.4,3.15925,,0,32.39439
Austria,2018,10.94886346,4.305729532,11.6262565,1511,2283121,18.759,4.847877333,,,,0,32.711426
Belgium,2000,10.23261558,3.77231976,11.14666032,1595,2544025,16.802,6.857804408,13.6,1.92236,10.32,106.5024,27.084993
Belgium,2001,10.26814152,3.801752634,11.17200325,1588,2521744,16.896,6.56995148,13.2,2.02168,10.38,107.7444,27.626753
Belgium,2002,10.31831715,3.861877326,11.22440634,1583,2505889,16.979,7.52562294,11.6,1.89073,10.52,110.6704,28.134819
Belgium,2003,10.33848488,3.89016082,11.24966634,1578,2490084,17.07,8.175400939,15.2,1.83184,10.46,109.4116,29.031809
Belgium,2004,10.37455711,3.92385254,11.28023846,1573,2474329,17.175,8.385321333,11.8,1.80898,10.35,107.1225,30.40086
Belgium,2005,10.4096407,3.954917999,11.30658942,1565,2449225,17.218,8.474990669,11.5,1.78231,10.27,105.4729,31.045088
Belgium,2006,10.46927076,4.005657564,11.36162761,1572,2471184,17.155,8.266686065,10.3,1.81426,10.29,105.8841,31.754845
Belgium,2007,10.51197428,4.036533194,11.3951237,1577,2486929,17.08,7.491690366,9.9,1.84413,10.4,108.16,32.094864
Belgium,2008,10.5422639,4.061068194,11.41567314,1570,2464900,17.071,6.968329163,8.9,1.92413,10.36,107.3296,32.310043
Belgium,2009,10.53968939,4.082225016,11.42279897,1548,2396304,17.121,7.908421265,7.5,1.98537,10.88,118.3744,33.397053
Belgium,2010,10.59329589,4.140044146,11.4791343,1546,2390116,17.177,8.316578612,7,2.05081,10.64,113.2096,34.989502
Belgium,2011,10.61991735,4.15719721,11.50548007,1560,2433600,17.316,7.142355682,5.8,2.15533,10.59,112.1481,34.612984
Belgium,2012,10.65232623,4.19128694,11.53985453,1560,2433600,17.545,7.543499189,5.9,2.27334,10.5,110.25,35.316551
Belgium,2013,10.68444291,4.232612723,11.57959986,1558,2427364,17.766,8.433350318,6.4,2.33393,10.7,114.49,35.535332
Belgium,2014,10.7128506,4.262913948,11.60848909,1545,2387025,17.999,8.541620694,3.3,2.38746,10.66,113.6356,36.855022
Belgium,2015,10.7410221,4.29324098,11.63370725,1545,2387025,18.21,8.483940109,4.7,2.46611,10.6,112.36,36.857422
Belgium,2016,10.79189271,4.336638424,11.67715562,1545,2387025,18.405,7.858577542,3.7,2.5573,10.5,110.25,37.503956
Belgium,2017,10.83508924,4.368555429,11.70806443,1545,2387025,18.617,7.108654219,,2.60617,10.49,110.0401,40.257053
Belgium,2018,10.86440932,4.360981123,11.72822496,1545,2387025,18.835,5.974765485,,,10.38,107.7444,40.638546
Canada,2000,10.28751254,3.510423526,10.99873166,1787,3193369,12.551,6.837353832,23.9,1.86469,6.91,47.7481,40.105782
Canada,2001,10.31608644,3.548003787,11.02893955,1774,3147076,12.643,7.227865632,24.3,2.02831,6.83,46.6489,41.881519
Canada,2002,10.34060836,3.569706653,11.04003311,1755,3080025,12.22,7.670516606,24,1.97873,6.76,45.6976,42.873188
Canada,2003,10.38393724,3.606656006,11.07096915,1745,3045025,12.317,7.580138352,22.5,1.97478,6.66,44.3556,44.123833
Canada,2004,10.43158543,3.641652539,11.11166736,1755,3080025,12.417,7.156303727,22.7,2.00416,6.67,44.4889,44.548969
Canada,2005,10.50037785,3.710303413,11.17474007,1745,3045025,12.514,6.751684922,21.3,1.97759,6.73,45.2929,45.976749
Canada,2006,10.54817275,3.752815434,11.21696009,1744,3041536,13.26,6.308239599,21.1,1.94872,6.88,47.3344,46.881516
Canada,2007,10.585477,3.779207379,11.24309456,1744,3041536,13.443,6.032551157,20.8,1.90857,6.95,48.3025,48.181564
Canada,2008,10.60603946,3.797785494,11.26013901,1741,3031081,13.659,6.147274435,20.5,1.8604,7.23,52.2729,48.706802
Canada,2009,10.56858381,3.806261143,11.25151238,1712,2930944,13.885,8.346803257,20.1,1.92227,7.66,58.6756,49.290722
Canada,2010,10.59945757,3.828034712,11.27528317,1715,2941225,14.127,8.022415953,19,1.82958,7.93,62.8849,50.311695
Canada,2011,10.63735746,3.861067296,11.30733157,1713,2934369,14.43,7.507091851,19.2,1.79132,7.95,63.2025,51.033012
Canada,2012,10.65128092,3.871580668,11.3225494,1722,2965284,14.85,7.312040587,19.5,1.7766,8.1,65.61,52.305416
Canada,2013,10.69672975,3.918694203,11.36639732,1716,2944656,15.258,7.092005472,19.3,1.70964,8.16,66.5856,52.971439
Canada,2014,10.72827058,3.958810881,11.40332506,1710,2924100,15.64,6.916547602,19.2,1.71824,8.21,67.4041,53.61496
Canada,2015,10.70708897,3.932956464,11.37820178,1712,2930944,16.027,6.904228353,18.6,1.68945,8.34,69.5556,55.17366
Canada,2016,10.74678818,3.977155906,11.41907081,1706,2910436,16.397,6.995851615,18.2,1.68754,8.46,71.5716,56.265068
Canada,2017,10.79215833,4.022064866,11.45740621,1695,2873025,16.792,6.322700846,18.2,1.5853,8.61,74.1321,56.71452
Canada,2018,10.82130337,4.044585932,11.48760278,1708,2917264,17.157,5.832879095,,,9.52,90.6304,57.888363
Czech Republic,2000,9.690735714,2.892033099,10.4393036,1896,3594816,13.841,8.813724516,19.1,1.11319,2.44,5.9536,10.963162
Czech Republic,2001,9.772332316,3.013188965,10.51885489,1818,3305124,13.822,8.156749613,16.9,1.10333,2.95,8.7025,11.131626
Czech Republic,2002,9.808206873,3.041481867,10.54618654,1817,3301489,13.878,7.304163371,16,1.10202,3.27,10.6929,11.94141
Czech Republic,2003,9.873637115,3.120679143,10.61967328,1806,3261636,13.917,7.803381951,15.6,1.14741,3.55,12.6025,12.005664
Czech Republic,2004,9.94170952,3.185183438,10.69015994,1817,3301489,13.989,8.312280877,16.1,1.14559,3.71,13.7641,12.345678
Czech Republic,2005,9.994575449,3.221519368,10.72645498,1817,3301489,14.122,7.917267888,15.9,1.16835,3.91,15.2881,13.058269
Czech Republic,2006,10.07357788,3.300167881,10.79524739,1799,3236401,14.307,7.131635074,15.4,1.23173,4.16,17.3056,13.522043
Czech Republic,2007,10.1682568,3.387888949,10.87470596,1784,3182656,14.489,5.306279977,16.9,1.30228,4.2,17.64,13.732669
Czech Republic,2008,10.23006885,3.43556847,10.92528284,1790,3204100,14.723,4.376702746,17.9,1.23933,3.94,15.5236,14.498895
Czech Republic,2009,10.22175947,3.457429468,10.94110514,1779,3164841,15.044,6.702816207,15.1,1.29438,3.9,15.21,15.544437
Czech Republic,2010,10.22467822,3.4616094,10.95687362,1800,3240000,15.373,7.283982043,16.3,1.33688,3.85,14.8225,16.764982
Czech Republic,2011,10.26798538,3.50229409,11.00095564,1806,3261636,15.902,6.707012304,15.3,1.55571,3.78,14.2884,18.243177
Czech Republic,2012,10.27682162,3.524612822,11.00680117,1776,3154176,16.503,6.975173843,15.8,1.78231,3.66,13.3956,19.277992
Czech Republic,2013,10.32535146,3.577477839,11.05225274,1763,3108169,17.09,6.949256342,15.4,1.89973,3.68,13.5424,20.45986
Czech Republic,2014,10.38173973,3.621940534,11.10447526,1777,3157729,17.605,6.110432705,16.3,1.97285,3.78,14.2884,21.51013
Czech Republic,2015,10.42529418,3.664691674,11.13557652,1756,3083536,18.076,5.021589593,16.5,1.92923,4.09,16.7281,22.186741
Czech Republic,2016,10.48794333,3.701028727,11.18456849,1779,3164841,18.555,3.947150498,16,1.6783,4.34,18.8356,22.971544
Czech Republic,2017,10.5586044,3.755282993,11.24210397,1784,3182656,19.019,2.890311136,15.6,1.79235,4.76,22.6576,23.927534
Czech Republic,2018,10.60762364,3.793096734,11.2812196,1792,3211264,19.414,2.242408677,15.1,,5.17,26.7289,24.262077
Denmark,2000,10.26386959,3.634998736,10.92524912,1466,2149156,14.83,4.633905262,,0,,0,25.777601
Denmark,2001,10.29077878,3.653726516,10.94584279,1469,2157961,14.823,4.908093263,,2.32466,,0,28.41186
Denmark,2002,10.33006011,3.70008385,10.98804414,1463,2140369,14.83,4.973283987,10.8,2.44145,,0,29.61084
Denmark,2003,10.33494537,3.720045799,11.00474824,1458,2125764,14.887,5.881941525,9.9,2.51085,,0,31.847263
Denmark,2004,10.40177817,3.794388381,11.07926006,1458,2125764,14.979,5.974609353,10.2,2.41916,,0,32.848095
Denmark,2005,10.43860224,3.824667598,11.10492549,1451,2105401,15.108,5.226304727,10.2,2.39337,,0,33.544121
Denmark,2006,10.52651335,3.890604008,11.17384842,1456,2119936,15.256,4.226062386,10.2,2.403,,0,34.719662
Denmark,2007,10.57069972,3.931802907,11.1991676,1433,2053489,15.458,4.089672358,9.9,2.51541,,0,30.903458
Denmark,2008,10.62820596,3.985469099,11.25093727,1430,2044900,15.743,3.709626753,10.2,2.77346,,0,31.414381
Denmark,2009,10.60586494,4.009624685,11.26594304,1417,2007889,16.106,6.39493221,10.2,3.05514,,0,32.449905
Denmark,2010,10.6698179,4.097765836,11.3578023,1422,2022084,16.58,7.75404157,8.9,2.91707,,0,33.262753
Denmark,2011,10.70117361,4.123436735,11.3937364,1437,2064969,17.119,7.754064747,7.9,2.94465,,0,33.702026
Denmark,2012,10.71015423,4.152850439,11.41361628,1423,2024929,17.653,7.796206466,7,2.98125,,0,34.782349
Denmark,2013,10.7524185,4.197584356,11.45995592,1426,2033476,18.071,7.380311366,6.8,2.97048,,0,35.42934
Denmark,2014,10.77698512,4.227134299,11.48117587,1414,1999396,18.453,6.860718964,6.3,2.91404,,0,35.800922
Denmark,2015,10.80102972,4.249089266,11.49841042,1407,1979649,18.736,6.28671812,5.8,3.0689,,0,37.095581
Denmark,2016,10.85826356,4.294452786,11.54724696,1412,1993744,18.972,6.011239144,5.7,3.17039,,0,38.169136
Denmark,2017,10.9159176,4.347755338,11.59583655,1405,1974025,19.197,5.812023518,5.3,3.1028,,0,39.232346
Denmark,2018,10.95456802,4.393841353,11.62507695,1392,1937664,19.461,5.103521402,,,,0,38.055264
Estonia,2000,9.149334762,2.468031055,10.02236588,1909,3644281,14.993,14.62382845,,0.60009,1.48,2.1904,28.669167
Estonia,2001,9.239149807,2.549741299,10.10040256,1902,3617604,15.285,13.0089997,,0.69946,1.6,2.56,29.479181
Estonia,2002,9.361804739,2.664887414,10.21659961,1904,3625216,15.643,11.22690846,25,0.71649,1.79,3.2041,29.358723
Estonia,2003,9.478861545,2.751596162,10.30645469,1910,3648100,16.018,10.34200743,,0.76777,2.06,4.2436,29.649635
Estonia,2004,9.580627128,2.846689891,10.40572813,1918,3678724,16.381,10.14070839,,0.85193,2.29,5.2441,30.712088
Estonia,2005,9.715618284,2.94289911,10.51282675,1939,3759721,16.719,8.030778425,,0.92364,2.39,5.7121,33.025089
Estonia,2006,9.865494605,3.042662042,10.60897308,1932,3732624,17.077,5.912076807,29.7,1.11666,2.55,6.5025,33.118874
Estonia,2007,10.00477963,3.175842721,10.74059975,1929,3721041,17.371,4.591947769,,1.06884,2.87,8.2369,33.146008
Estonia,2008,10.03485473,3.219731659,10.76934082,1900,3610000,17.443,5.45506954,,1.25952,3.15,9.9225,34.176804
Estonia,2009,9.932816279,3.294708563,10.77287827,1769,3129361,17.432,13.54902104,,1.39541,3.15,9.9225,36.065544
Estonia,2010,9.988889098,3.376761578,10.8778437,1810,3276100,17.442,16.70699516,27.8,1.58162,3.06,9.3636,35.423084
Estonia,2011,10.11613021,3.414916444,10.93893786,1852,3429904,17.577,12.32513353,,2.30655,2.91,8.4681,36.889767
Estonia,2012,10.17126344,3.467953099,10.97454489,1820,3312400,17.868,10.02304569,,2.12265,2.92,8.5264,37.605877
Estonia,2013,10.22544273,3.516455365,11.01255272,1801,3243601,18.203,8.628359252,,1.72216,3.14,9.8596,37.345535
Estonia,2014,10.27876459,3.562149848,11.05491015,1795,3222025,18.567,7.350978648,28.3,1.45063,3.49,12.1801,37.499954
Estonia,2015,10.29025625,3.547315631,11.03616859,1788,3196944,18.891,6.184586109,,1.48796,3.85,14.8225,38.030697
Estonia,2016,10.34909791,3.603573086,11.0941025,1791,3207681,19.182,6.758515947,,1.28134,4.24,17.9776,38.756851
Estonia,2017,10.43018927,3.657340618,11.1484282,1792,3211264,19.465,5.763039279,,1.323,4.48,20.0704,39.663879
Estonia,2018,10.50334968,3.745624253,11.21185181,1748,3055504,19.676,5.370297873,,,4.61,21.2521,41.130722
Finland,2000,10.19596294,3.590833483,11.00721198,1663,2765569,14.918,9.78365849,20.4,3.24569,,0,32.614372
Finland,2001,10.23306547,3.626300159,11.03118774,1644,2702736,15.079,9.126679463,21.2,3.19795,,0,
Finland,2002,10.2613411,3.649581298,11.04959082,1636,2676496,15.248,9.091780035,20.4,3.2574,,0,
Finland,2003,10.2757352,3.668893203,11.06400075,1628,2650384,15.459,9.029714396,20.1,3.30214,,0,33.177582
Finland,2004,10.34731707,3.737512154,11.13323376,1629,2653641,15.724,8.820127241,20,3.31494,,0,34.184566
Finland,2005,10.37510747,3.759098094,11.14927952,1620,2624400,15.937,8.394543547,18.9,3.32976,,0,34.629433
Finland,2006,10.44619971,3.817870116,11.20557936,1616,2611456,16.234,7.722809668,19.4,3.33762,,0,35.141739
Finland,2007,10.54004236,3.895321692,11.28179253,1614,2604996,16.487,6.85110758,21.4,3.34577,,0,36.357056
Finland,2008,10.5987251,3.940322219,11.32306866,1608,2585664,16.631,6.363888632,21.2,3.54708,,0,36.583557
Finland,2009,10.54556803,3.932044922,11.30038461,1585,2512225,16.881,8.24309186,19.7,3.74883,,0,37.268574
Finland,2010,10.57085961,3.963542869,11.33628923,1592,2534464,17.26,8.394160584,18.9,3.72598,,0,38.146343
Finland,2011,10.61929228,4.00392513,11.37352584,1587,2518569,17.823,7.781919851,18.6,3.63881,,0,39.318207
Finland,2012,10.61822142,4.006716413,11.36872696,1575,2480625,18.451,7.685873606,20.2,3.41948,,0,39.661289
Finland,2013,10.63327805,4.040368145,11.39600925,1565,2449225,19.073,8.202541106,18.7,3.28719,,0,40.545231
Finland,2014,10.63945149,4.05711747,11.4108398,1562,2439844,19.664,8.667661877,19.6,3.16931,,0,41.776676
Finland,2015,10.6579168,4.078985107,11.43334744,1563,2442969,20.207,9.372384937,18.1,2.89637,,0,42.742619
Finland,2016,10.71270355,4.133883109,11.48632421,1560,2433600,20.682,8.809013875,16.5,2.74645,,0,43.595264
Finland,2017,10.76786661,4.183520664,11.53339436,1556,2421136,21.144,8.643457383,17.7,2.76179,,0,44.304253
Finland,2018,10.81060288,4.202305594,11.55153641,1555,2418025,21.613,7.366885486,,,,0,45.188133
France,2000,10.1698622,3.68509849,11.03647416,1558,2427364,15.874,8.469729802,,2.09346,9.46,89.4916,21.58481
France,2001,10.22216046,3.743571075,11.08178101,1538,2365444,15.986,7.691959796,,2.13804,9.65,93.1225,23.020861
France,2002,10.25864681,3.804818569,11.12062677,1504,2262016,16.088,7.831833639,13.3,2.17449,9.77,95.4529,23.98011
France,2003,10.245174,3.795918108,11.11396468,1507,2271049,16.165,8.45159115,,2.11994,9.94,98.8036,23.917387
France,2004,10.27638466,3.817579064,11.1511614,1531,2343961,16.256,8.81068999,,2.09461,10.27,105.4729,24.383652
France,2005,10.32561503,3.866666872,11.20104577,1532,2347024,16.335,8.830509922,,2.05151,10.67,113.8489,25.425774
France,2006,10.38701504,3.935417566,11.25859567,1515,2295225,16.34,8.780869115,9.4,2.05094,10.93,119.4649,26.183411
France,2007,10.436845,3.962766746,11.30023444,1537,2362369,16.356,7.962547666,,2.02451,11.05,122.1025,26.646099
France,2008,10.46603818,3.98859108,11.32994278,1543,2380849,16.441,7.337194639,,2.06117,11.07,122.5449,27.233906
France,2009,10.45505691,4.001612819,11.33558387,1531,2343961,16.553,9.080302098,,2.21207,11.27,127.0129,28.588057
France,2010,10.48949602,4.034525872,11.37393567,1540,2371600,16.674,9.211866273,9.1,2.17857,11.19,125.2161,29.006897
France,2011,10.53070724,4.068905089,11.41254552,1546,2390116,16.939,9.155686656,,2.19161,11.18,124.9924,29.767
France,2012,10.53699614,4.080230949,11.42034031,1541,2374681,17.354,9.758063566,,2.22707,11.31,127.9161,30.856123
France,2013,10.58477654,4.140881873,11.47144565,1526,2328676,17.792,10.30308985,,2.23703,11.36,129.0496,32.105263
France,2014,10.60022975,4.161247177,11.48646928,1518,2304324,18.186,10.29218455,9.9,2.27592,11.43,130.6449,33.539047
France,2015,10.61743804,4.179516493,11.5056428,1519,2307361,18.634,10.3592922,,2.26703,11.52,132.7104,34.085361
France,2016,10.66554352,4.223220158,11.55104627,1526,2328676,19.054,10.05676469,,2.24805,11.57,133.8649,34.582485
France,2017,10.70664014,4.268934375,11.58572695,1522,2316484,19.451,9.397228114,,2.18868,11.56,133.6336,35.213791
France,2018,10.74165376,4.30397217,11.61415992,1520,2310400,19.837,9.058941082,,,11.49,132.0201,36.897491
Germany,2000,10.22053133,3.642201964,10.93245241,1452,2108304,16.449,7.946569107,19.6,2.39166,,0,23.498837
Germany,2001,10.26362946,3.694158719,10.97909282,1441.9,2079075.61,16.855,7.798963819,19.1,2.38558,,0,23.222008
Germany,2002,10.29229093,3.734779995,11.01335615,1430.9,2047474.81,17.278,8.608976264,19.1,2.41543,,0,23.427382
Germany,2003,10.3168019,3.773623531,11.04838579,1424.8,2030055.04,17.75,9.694580446,19.6,2.4566,,0,23.982014
Germany,2004,10.36447937,3.817550093,11.09174148,1422.2,2022652.84,18.316,10.33071796,21.9,2.42079,,0,24.931704
Germany,2005,10.38086211,3.840835699,11.10795875,1411.3,1991767.69,18.939,11.02057784,16.3,2.42253,,0,24.552816
Germany,2006,10.45233034,3.888694766,11.17021018,1424.7,2029770.09,19.526,10.04203932,18.1,2.45604,,0,23.947578
Germany,2007,10.51380062,3.930360933,11.21249456,1424.4,2028915.36,19.946,8.57740157,16.7,2.44633,,0,24.299988
Germany,2008,10.55665739,3.961100995,11.23857569,1418.4,2011858.56,20.246,7.407711071,16.7,2.59712,,0,25.400061
Germany,2009,10.53212628,3.961136508,11.20896885,1372.7,1884305.29,20.531,7.647457349,16.5,2.72644,,0,26.385326
Germany,2010,10.58919609,3.99757423,11.26002432,1389.9,1931822.01,20.633,6.95200345,16.7,2.71367,,0,26.609148
Germany,2011,10.65823566,4.05368351,11.31694079,1392.8,1939891.84,20.666,5.857519789,16.9,2.79562,,0,27.562323
Germany,2012,10.67728205,4.076584838,11.32649766,1375,1890625,20.714,5.380731165,15.6,2.86813,,0,28.121572
Germany,2013,10.71427704,4.116683464,11.35837783,1362.7,1856951.29,20.812,5.238476954,14.1,2.82105,,0,28.47327
Germany,2014,10.75814286,4.153169778,11.39769151,1366.9,1868415.61,20.956,5.004977105,17.2,2.87289,,0,27.057884
Germany,2015,10.7723417,4.166409408,11.41120326,1369.8,1876352.04,21.049,4.631796011,15.8,2.91695,10.84,117.5056,27.638235
Germany,2016,10.83099611,4.225171035,11.4656446,1362.8,1857223.84,21.136,4.161804745,15.5,2.93168,10.79,116.4241,28.291723
Germany,2017,10.87826872,4.265135676,11.50315807,1360.4,1850688.16,21.305,3.754688527,16.2,3.03529,11.06,122.3236,28.58337
Germany,2018,10.90516271,4.282447431,11.51945738,1362.6,1856678.76,21.466,3.396270082,,,10.87,118.1569,29.065134
Greece,2000,9.879375489,3.189003662,10.79787428,2016,4064256,17.538,11.58107926,,0,5.46,29.8116,17.672335
Greece,2001,9.950548795,3.264749359,10.87063936,2010,4040100,17.604,10.79237873,,0.55948,5.46,29.8116,18.067701
Greece,2002,10.02641102,3.324088702,10.92599067,2002,4008004,17.623,10.35501093,,0,5.55,30.8025,18.793383
Greece,2003,10.08039654,3.367213689,10.96861601,2001,4004001,17.905,9.79418027,,0.54654,5.63,31.6969,19.299871
Greece,2004,10.1439732,3.413944129,11.01083858,1992,3968064,18.161,10.59120073,13.9,0.5273,5.75,33.0625,21.286716
Greece,2005,10.1494662,3.387352955,11.01001691,2044,4177936,18.369,9.996759231,16.7,0.57896,5.86,34.3396,21.472097
Greece,2006,10.25817255,3.486444798,11.10371261,2033,4133089,18.521,9.008234981,11.9,0.56118,6.03,36.3609,22.428827
Greece,2007,10.28499241,3.50934128,11.11969889,2019,4076361,18.625,8.396555877,11.6,0.57655,6.18,38.1924,22.893152
Greece,2008,10.33708442,3.553368933,11.16174341,2015,4060225,18.718,7.760022007,9.5,0.66183,6.3,39.69,23.535585
Greece,2009,10.32181466,3.558360035,11.15475233,1991,3964081,18.875,9.615727974,12.2,0.62557,6.58,43.2964,23.656685
Greece,2010,10.24599075,3.539820966,11.10613197,1932,3732624,19.134,12.71344419,10.7,0.59838,6.4,40.96,24.744848
Greece,2011,10.17126372,3.526123085,11.1011948,1949,3798601,19.479,17.86454086,9.6,0.67196,6.24,38.9376,26.112072
Greece,2012,10.13794311,3.543908218,11.12766451,1966,3865156,19.865,24.43929797,6.9,0.69957,5,25,26.719267
Greece,2013,10.1696062,3.592826544,11.17861537,1970,3880900,20.274,27.46642442,11.3,0.81131,4.88,23.8144,27.423178
Greece,2014,10.19759577,3.623862605,11.19069108,1933,3736489,20.691,26.49160461,9.1,0.8333,4.94,24.4036,28.105659
Greece,2015,10.19996809,3.607287954,11.17927639,1943,3775249,21.079,24.89690856,6.3,0.96637,5.03,25.3009,29.057495
Greece,2016,10.23362961,3.63263799,11.20411165,1942,3771364,21.402,23.53927201,4.5,1.007,5.07,25.7049,30.231607
Greece,2017,10.27811358,3.65264362,11.23130047,1956,3825936,21.665,21.48763789,4.5,1.14384,5.02,25.2004,31.027514
Greece,2018,10.32119105,3.676287786,11.25494463,1956,3825936,21.894,19.29191132,,,4.98,24.8004,31.739904
Hungary,2000,9.380725948,2.643143185,10.28935181,1845,3404025,15.062,6.392969096,14.1,0.78942,1.93,3.7249,14.041859
Hungary,2001,9.488999899,2.77034076,10.39337655,1809,3272481,15.199,5.708430114,13.7,0.91189,2.78,7.7284,13.984717
Hungary,2002,9.583722154,2.857042571,10.48678185,1820,3312400,15.313,5.81864905,9.1,0.98198,3.3,10.89,14.211662
Hungary,2003,9.646296619,2.930361406,10.5273985,1795,3222025,15.432,5.86985493,1.5,0.91841,3.15,9.9225,15.416001
Hungary,2004,9.694554673,2.982006454,10.58417543,1802,3247204,15.557,6.093346084,3,0.86035,3.13,9.7969,16.748745
Hungary,2005,9.745285845,3.033286599,10.64016124,1803,3250809,15.705,7.225406328,4,0.92094,3.25,10.5625,17.083904
Hungary,2006,9.816818917,3.100678693,10.70209903,1800,3240000,15.866,7.494363363,0.4,0.98097,3.43,11.7649,17.699047
Hungary,2007,9.854529358,3.137913201,10.74559736,1795,3222025,16.056,7.418437459,3.6,0.95674,3.33,11.0889,18.048761
Hungary,2008,9.937730926,3.237637047,10.84465268,1798,3232804,16.259,7.838759134,2.2,0.9796,3.3,10.89,19.197906
Hungary,2009,9.937585797,3.270654395,10.86231475,1781,3171961,16.481,10.05190334,3.9,1.13212,3.29,10.8241,19.86219
Hungary,2010,9.979801906,3.445983254,10.90897123,1777,3157729,16.673,11.1779337,6.4,1.13945,3.22,10.3684,20.121918
Hungary,2011,10.03864533,3.488317692,10.96503322,1769.9,3132546.01,16.804,11.03368519,6.9,1.18897,3.29,10.8241,21.124001
Hungary,2012,10.04966919,3.496619161,10.96174488,1750,3062500,17.024,11.00080416,11.3,1.26362,3.71,13.7641,22.046715
Hungary,2013,10.10635407,3.541730563,11.00321026,1744.6,3043629.16,17.353,10.15779107,8.7,1.3889,3.84,14.7456,22.505821
Hungary,2014,10.15054247,3.534230329,11.00007987,1751.7,3068452.89,17.717,7.718596322,3.8,1.35339,3.99,15.9201,23.356073
Hungary,2015,10.19122116,3.552159526,11.01639928,1748.7,3057951.69,18.088,6.794176065,9.5,1.36461,4.11,16.8921,24.242552
Hungary,2016,10.22917437,3.544095358,11.01494141,1760,3097600,18.467,5.101073551,9.4,1.20606,4.33,18.7489,23.713329
Hungary,2017,10.29313859,3.598015219,11.05718303,1741.3,3032125.69,18.8,4.148147045,,1.35467,4.81,23.1361,24.054041
Hungary,2018,10.36024002,3.656166498,11.09969421,1741.1,3031429.21,19.143,3.704392019,,,5.05,25.5025,25.101177
Iceland,2000,10.29951146,3.443599567,10.88616079,1699,2886601,11.574,2.292102722,,2.6004,,0,
Iceland,2001,10.36598671,3.500960541,10.94992251,1710,2924100,11.602,2.242045318,,2.87427,,0,
Iceland,2002,10.38946651,3.568111744,10.99670399,1675,2805625,11.672,3.233883344,,2.85512,,0,
Iceland,2003,10.39344034,3.595462057,11.00402201,1642,2696164,11.735,3.335382727,,2.73249,,0,27.861868
Iceland,2004,10.4785327,3.691825959,11.10428318,1648,2715904,11.767,3.051425031,19.2,0,,0,27.94356
Iceland,2005,10.52777062,3.725072078,11.13266803,1640,2689600,11.732,2.591532319,13.2,2.70562,,0,29.471401
Iceland,2006,10.57185062,3.753961749,11.1552434,1630,2656900,11.632,2.874713959,12.4,2.92238,,0,30.411818
Iceland,2007,10.6256879,3.79988446,11.18779555,1608,2585664,11.56,2.284927736,15.9,2.57245,,0,30.804794
Iceland,2008,10.67009436,3.860662214,11.24971161,1610,2592100,11.591,2.966273872,13.3,2.52222,,0,31.591888
Iceland,2009,10.64172749,3.972403155,11.30524287,1523,2319529,11.812,7.221761944,16,2.63933,,0,32.907246
Iceland,2010,10.58687987,3.932155715,11.25948478,1514,2292196,12.144,7.552119288,14.3,0,,0,32.632442
Iceland,2011,10.61567788,3.946954243,11.27978379,1524,2322576,12.459,7.023875625,14.1,2.48344,,0,33.774651
Iceland,2012,10.64371949,3.970918736,11.29503489,1510,2280100,12.784,6.028615085,,0,,0,35.01783
Iceland,2013,10.69540807,4.00740571,11.3321177,1510,2280100,13.083,5.379832387,14.5,1.75515,,0,36.08242
Iceland,2014,10.73013445,4.035788643,11.35424804,1503,2259009,13.376,4.933814681,13.6,1.99923,,0,37.088051
Iceland,2015,10.79664395,4.085463072,11.40298131,1504,2262016,13.695,3.984844526,9.9,2.17034,,0,38.841152
Iceland,2016,10.87864334,4.145624862,11.45380874,1494,2232036,13.939,2.990202316,11.5,2.0754,,0,40.475002
Iceland,2017,10.92546088,4.182988633,11.4826771,1483,2199289,14.039,2.757583354,,2.17877,,0,42.38409
Iceland,2018,10.96940569,4.235078713,11.52428364,1469,2157961,14.136,2.732843139,,,,0,43.749649
Ireland,2000,10.31534259,3.556620594,11.12330632,1826,3334276,11.207,4.478778001,19.7,1.08497,7.59,57.6081,21.613003
Ireland,2001,10.39105156,3.621984024,11.18390387,1818,3305124,11.172,4.176687826,,1.05308,7.48,55.9504,23.577002
Ireland,2002,10.46916913,3.712011386,11.26387153,1800,3240000,11.13,4.727085479,,1.05609,7.51,56.4001,24.814322
Ireland,2003,10.49775426,3.747862282,11.29049249,1783,3179089,11.104,4.834538183,19.7,1.12451,7.59,57.6081,26.308289
Ireland,2004,10.5635273,3.803844144,11.3403474,1772,3139984,11.117,4.731201214,18.2,1.17866,8.13,66.0969,27.820133
Ireland,2005,10.60750249,3.818172484,11.35889694,1780,3168400,11.101,4.626238753,13.8,1.1928,8.48,71.9104,29.074234
Ireland,2006,10.69730585,3.891181298,11.42957678,1776,3154176,10.923,4.749608764,14.4,1.19835,8.41,70.7281,31.095585
Ireland,2007,10.75242271,3.941003407,11.47198486,1763,3108169,10.764,4.980056249,18,1.23325,8.88,78.8544,32.39011
Ireland,2008,10.69692739,3.924717962,11.44435415,1743,3038049,10.786,6.774487568,15,1.38776,8.71,75.8641,33.902611
Ireland,2009,10.6363031,3.972846647,11.47492452,1713,2934369,11.005,12.59596617,14.9,1.60823,9.12,83.1744,35.822323
Ireland,2010,10.67662524,4.110656316,11.56130343,1702,2896804,11.308,14.54139944,12.8,1.59294,9.2,84.64,37.584061
Ireland,2011,10.71153502,4.162477678,11.62212439,1702,2896804,11.619,15.36435863,10.4,1.55049,8.97,80.4609,38.162312
Ireland,2012,10.74241401,4.202192407,11.66260461,1707,2913849,11.974,15.4494761,6.3,1.55723,8.82,77.7924,39.69788
Ireland,2013,10.77763018,4.2100321,11.67366742,1720,2958400,12.334,13.73710164,14,1.56027,8.78,77.0884,41.47068
Ireland,2014,10.84204695,4.247051157,11.71843051,1731,2996361,12.69,11.85563583,14.4,1.50172,8.76,76.7376,40.967049
Ireland,2015,11.14399037,4.51503585,11.99409989,1741,3031081,13.018,9.90968307,12.6,1.19563,8.79,77.2641,42.806118
Ireland,2016,11.18466797,4.534826463,12.00955426,1739,3024121,13.289,8.359209636,7.4,1.15245,9.29,86.3041,44.232544
Ireland,2017,11.26717083,4.592107125,12.07352324,1738,3020644,13.56,6.704296618,5.9,1.04382,9.36,87.6096,45.65897
Ireland,2018,11.34539916,4.645257149,12.13265708,1782,3175524,13.864,5.733075839,,,9.62,92.5444,46.935135
Italy,2000,10.20664561,3.588895735,11.11194365,1850.8,3425460.64,18.271,9.985889153,8.5,1.00546,,0,9.3770475
Italy,2001,10.24149133,3.611761206,11.12799656,1837.8,3377508.84,18.569,9.003732508,,1.04491,,0,10.04891
Italy,2002,10.2652166,3.627176163,11.13716332,1826.6,3336467.56,18.848,8.517830107,10.3,1.08482,,0,10.367989
Italy,2003,10.27899347,3.637924629,11.14182257,1815.8,3297129.64,19.098,8.423309152,,1.06198,,0,10.460108
Italy,2004,10.29033048,3.650976892,11.15460577,1815.3,3295314.09,19.367,7.964847736,6.7,1.05312,,0,11.59316
Italy,2005,10.30949104,3.672410431,11.17410103,1812.1,3283706.41,19.689,7.699102154,,1.04709,,0,12.224514
Italy,2006,10.38148007,3.72852575,11.23063034,1812.6,3285518.76,19.973,6.79377643,7.7,1.08696,,0,12.872448
Italy,2007,10.43126492,3.768914446,11.27424579,1818.2,3305851.24,20.142,6.1295687,,1.1327,,0,13.578119
Italy,2008,10.47091029,3.820209688,11.31937806,1807,3265249,20.244,6.726233985,11.8,1.16367,,0,14.357011
Italy,2009,10.44451637,3.833611417,11.31526267,1775.7,3153110.49,20.355,7.734542472,,1.22126,,0,14.510798
Italy,2010,10.4590169,3.857813357,11.34036756,1777.3,3158795.29,20.459,8.331171847,9.9,1.22311,,0,14.802574
Italy,2011,10.49635341,3.898673172,11.37885179,1773.3,3144592.89,20.665,8.4165373,,1.20984,,0,14.935372
Italy,2012,10.49135501,3.923213715,11.38119354,1734.2,3007449.64,21.003,10.68198587,11.1,1.27087,,0,15.708264
Italy,2013,10.49315321,3.956591165,11.4061417,1719.5,2956680.25,21.296,12.13245067,,1.30768,,0,16.289694
Italy,2014,10.49667396,3.963302792,11.41125286,1717.1,2948432.41,21.578,12.61978586,5.6,1.34301,,0,16.910578
Italy,2015,10.51621875,3.974725336,11.42333231,1718,2951524,21.891,11.91097244,,1.34072,,0,17.546457
Italy,2016,10.5945902,4.035465286,11.48653738,1721.7,2964250.89,22.183,11.67138022,5.6,1.37848,,0,17.723593
Italy,2017,10.6402884,4.069450579,11.51915357,1719,2954961,22.443,11.26113164,,1.36029,,0,18.669672
Italy,2018,10.66424871,4.080689572,11.53247287,1722.6,2967350.76,22.675,10.6295432,,,,0,19.323732
Japan,2000,10.19769444,3.349680729,10.85682181,1821,3316041,17.367,4.730819919,33.9,2.90569,6.27,39.3129,33.615494
Japan,2001,10.22107621,3.385709224,10.88623869,1809,3272481,17.964,5.033076619,33.9,2.97183,6.37,40.5769,34.13689
Japan,2002,10.24601479,3.430593549,10.92502377,1798,3232804,18.542,5.356786925,32.5,3.01394,6.46,41.7316,36.575481
Japan,2003,10.27310847,3.458440135,10.95342638,1799,3236401,19.05,5.25,32,3.04295,6.48,41.9904,37.422066
Japan,2004,10.32069863,3.507813978,10.9961075,1787,3193369,19.482,4.717099486,31.1,3.02952,6.5,42.25,38.693394
Japan,2005,10.36305928,3.549094635,11.03065034,1775,3150625,20.162,4.426652634,32.8,3.18099,6.55,42.9025,39.939026
Japan,2006,10.40711748,3.581779955,11.06839326,1784,3182656,20.822,4.125142236,33,3.27844,6.61,43.6921,40.464294
Japan,2007,10.44892241,3.616240345,11.10341403,1785,3186225,21.495,3.840735985,31.7,3.3396,6.74,45.4276,41.024883
Japan,2008,10.45747777,3.634697201,11.11399683,1771,3136441,22.098,3.965340725,30.7,3.33718,6.79,46.1041,42.842262
Japan,2009,10.410365,3.632012365,11.07859747,1714,2937796,22.749,5.044543848,28.3,3.2314,7,49,43.764038
Japan,2010,10.46294253,3.675740844,11.13335014,1733,3003289,23.024,5.028712162,28.7,3.13708,7.19,51.6961,44.809975
Japan,2011,10.48501177,3.699638023,11.15435796,1728,2985984,23.28,4.585081114,27.4,3.24477,7.29,53.1441,46.364063
Japan,2012,10.52443594,3.73134358,11.19585342,1745,3045025,24.148,4.346501473,26.5,3.20908,7.42,55.0564,46.619377
Japan,2013,10.57153128,3.777352862,11.23553902,1734,3006756,25.057,4.03499014,26.6,3.31496,7.55,57.0025,47.311993
Japan,2014,10.57601014,3.778305378,11.23360385,1729,2989441,25.966,3.588767134,25.9,3.40022,7.5,56.25,48.185074
Japan,2015,10.60673593,3.809308253,11.25880625,1719,2954961,26.648,3.363564322,25.7,3.27754,7.63,58.2169,49.541573
Japan,2016,10.59722437,3.791817445,11.23840254,1714,2937796,27.251,3.11559546,24.6,3.14081,7.88,62.0944,50.496956
Japan,2017,10.61708754,3.803150887,11.24681457,1709,2920681,27.743,2.816080552,24.5,3.20451,8.08,65.2864,51.440529
Japan,2018,10.63348612,3.814424995,11.24097407,1680,2822400,28.137,2.432805046,,,,0,51.928062
Korea,2000,9.828295411,2.799833745,10.62603537,2457.6,6039797.76,7.222,4.397034228,41.7,2.18023,2.79,7.7841,23.849094
Korea,2001,9.888044491,2.852920177,10.67299461,2430,5904900,7.538,3.963704641,40.4,2.34108,3.08,9.4864,24.819485
Korea,2002,9.97099288,2.931054383,10.73334331,2395.2,5736983.04,7.885,3.251610358,41,2.27382,3.33,11.0889,25.88715
Korea,2003,10.00216326,2.98176762,10.77001848,2378.4,5656786.56,8.227,3.570784197,40.1,2.3515,3.51,12.3201,29.395346
Korea,2004,10.07681248,3.054001842,10.82817392,2366.4,5599848.96,8.59,3.65784774,39.6,2.53248,3.77,14.2129,30.406145
Korea,2005,10.1340689,3.117162517,10.88099741,2341.2,5481217.44,8.967,3.736548457,39.6,2.62617,4.1,16.81,31.619953
Korea,2006,10.19906912,3.176885481,10.93571454,2294.4,5264271.36,9.343,3.48163234,39.8,2.83066,4.25,18.0625,33.070503
Korea,2007,10.27710244,3.264964591,11.00285583,2260.8,5111216.64,9.779,3.249941052,38.2,3.00035,4.65,21.6225,34.814022
Korea,2008,10.30714767,3.32771997,11.03146359,2120.4,4496096.16,10.169,3.168224077,39,3.12343,4.82,23.2324,36.669804
Korea,2009,10.29702632,3.348849005,11.03016096,2113.2,4465614.24,10.499,3.648752219,38.6,3.29324,4.97,24.7009,38.470245
Korea,2010,10.36534973,3.414183726,11.08899315,2120.4,4496096.16,10.829,3.695568464,39.6,3.46594,4.96,24.6016,39.044632
Korea,2011,10.39042566,3.439285723,11.1014337,2119.2,4491008.64,11.044,3.386034602,36.6,3.74361,5.02,25.2004,40.381783
Korea,2012,10.42100167,3.465381871,11.11995051,2097.6,4399925.76,11.488,3.199488201,36.3,4.02554,5.2,27.04,41.746613
Korea,2013,10.44127364,3.481257166,11.13105937,2071.2,4289869.44,11.943,3.100673,36.6,4.14853,5.45,29.7025,43.075195
Korea,2014,10.47232527,3.509588181,11.14504292,2047.2,4191027.84,12.37,3.501183581,36.7,4.28874,5.77,33.2929,44.49865
Korea,2015,10.54290323,3.571294102,11.21011503,2058,4235364,12.822,3.593883355,37.2,4.21702,6.14,37.6996,45.356678
Korea,2016,10.58574729,3.616535967,11.24812968,2032.8,4132275.84,13.197,3.681059351,36.7,4.22744,6.57,43.1649,46.643951
Korea,2017,10.62135163,3.667539519,11.27465826,1995.6,3982419.36,13.753,3.682858658,34.6,4.55324,6.91,47.7481,47.744724
Korea,2018,10.64865256,3.708430873,11.3030837,1966.8,3868302.24,14.294,3.853058854,,,7.93,62.8849,49.008511
Latvia,2000,8.989363771,2.44907021,9.930625889,1775,3150625,14.961,14.92114183,,0.43598,1,1,18.218046
Latvia,2001,9.1068035,2.532060953,10.01923464,1785,3186225,15.255,13.59207914,,0.40321,1.08,1.1664,17.809738
Latvia,2002,9.215498277,2.639546281,10.10176124,1741,3031081,15.629,12.48110081,18.9,0.40888,1.15,1.3225,18.869808
Latvia,2003,9.306602469,2.719901167,10.17693323,1732,2999824,16.039,11.64709033,,0.36002,1.31,1.7161,17.920399
Latvia,2004,9.409179136,2.835341901,10.26604896,1687,2845969,16.439,11.73422667,,0.40013,1.47,2.1609,19.785511
Latvia,2005,9.535112465,2.926948487,10.37236602,1712,2930944,16.819,10.00331747,,0.52959,1.43,2.0449,20.293005
Latvia,2006,9.663977413,2.990241728,10.43624322,1713,2934369,17.196,7.002752666,11,0.65063,1.57,2.4649,20.919746
Latvia,2007,9.804783234,3.100894355,10.53160146,1687,2845969,17.495,6.038613356,,0.55379,2.05,4.2025,22.18199
Latvia,2008,9.87624277,3.105932051,10.6009183,1799,3236401,17.709,7.750209495,,0.58139,2.64,6.9696,24.822483
Latvia,2009,9.737103816,3.13041971,10.60007389,1754,3076516,17.968,17.53944315,,0.45271,2.96,8.7616,25.846195
Latvia,2010,9.775804659,3.226148872,10.68663919,1738,3020644,18.243,19.47830615,19.1,0.61078,2.89,8.3521,26.946114
Latvia,2011,9.893335278,3.301611236,10.77069513,1753,3073009,18.466,16.19367233,,0.69662,3.11,9.6721,27.69327
Latvia,2012,9.966378773,3.356555252,10.81704555,1738,3020644,18.663,15.02183406,,0.66424,3.03,9.1809,29.227177
Latvia,2013,10.02972083,3.390299684,10.84733178,1732,2999824,18.915,11.84503513,,0.6122,2.97,8.8209,31.011995
Latvia,2014,10.07906581,3.438786893,10.90100183,1741,3031081,19.227,10.82445223,21.1,0.6893,3.33,11.0889,30.230137
Latvia,2015,10.11995335,3.47627186,10.91935024,1708,2917264,19.511,9.878995089,,0.62623,3.73,13.9129,31.591949
Latvia,2016,10.1813926,3.531037629,10.9747013,1709,2920681,19.762,9.646616605,,0.44292,3.82,14.5924,33.361481
Latvia,2017,10.25783025,3.606729125,11.04216714,1695,2873025,19.996,8.70840489,,0.51347,3.86,14.8996,33.882294
Latvia,2018,10.33395556,3.656843876,11.094639,1699,2886601,20.181,7.407973118,,,4.3,18.49,33.939289
Lithuania,2000,9.043067679,2.575802327,9.959791802,1610,2592100,13.82,,,0.5848,2.22,4.9284,41.801403
Lithuania,2001,9.153953395,2.725328468,10.10121061,1597,2550409,14.191,,,0.66679,2.19,4.7961,
Lithuania,2002,9.258591373,2.802185084,10.16228908,1572,2471184,14.705,,14.6,0.6567,2.19,4.7961,
Lithuania,2003,9.398304499,2.920713371,10.27187158,1558,2427364,15.172,,,0.66339,2.26,5.1076,
Lithuania,2004,9.475127807,2.947242782,10.34847403,1638,2683044,15.624,,,0.75066,2.47,6.1009,
Lithuania,2005,9.583709033,3.031422821,10.4332644,1639,2686321,16.058,,,0.74741,2.63,6.9169,26.547928
Lithuania,2006,9.710011081,3.147356106,10.5467542,1635,2673225,16.469,,16,0.79119,2.82,7.9524,26.751383
Lithuania,2007,9.857139423,3.247246271,10.66181916,1660,2755600,16.82,,,0.80093,3.02,9.1204,28.931429
Lithuania,2008,9.940016022,3.317560233,10.74767437,1686,2842596,17.098,,,0.78844,3.36,11.2896,30.408518
Lithuania,2009,9.806959295,3.290207681,10.68347079,1625,2640625,17.273,,,0.82967,3.21,10.3041,30.958277
Lithuania,2010,9.906179823,3.410721318,10.81500042,1643,2699449,17.599,,10.6,0.78348,3.17,10.0489,32.440029
Lithuania,2011,10.03556601,3.525499095,10.91629763,1621,2627641,17.976,,,0.9039,3.04,9.2416,33.489258
Lithuania,2012,10.112357,3.570781184,10.9609626,1620,2624400,18.166,,,0.89469,3.03,9.1809,34.05378
Lithuania,2013,10.19166871,3.635082818,11.01658472,1606,2579236,18.341,,,0.95088,3.1,9.61,35.19833
Lithuania,2014,10.24552251,3.664458987,11.04159271,1599,2556801,18.583,,12.5,1.03048,3.27,10.6929,36.668087
Lithuania,2015,10.26895691,3.650281079,11.04169631,1622,2630884,18.858,,,1.04116,4.08,16.6464,38.724106
Lithuania,2016,10.33931696,3.672024809,11.07691238,1644,2702736,19.153,,,0.84724,4.62,21.3444,39.732628
Lithuania,2017,10.42884329,3.776934928,11.15968137,1608,2585664,19.481,,,0.8925,4.65,21.6225,40.273941
Lithuania,2018,10.48659287,3.806532815,11.19424206,1616,2611456,19.706,,,,4.78,22.8484,41.654594
Luxembourg,2000,10.92010209,4.044697438,11.42385474,1603,2569609,14.077,2.384891993,,1.57673,9.99,99.8001,18.284153
Luxembourg,2001,10.9304739,4.02100056,11.38978672,1585,2512225,13.913,2.210921688,,0,10.35,107.1225,
Luxembourg,2002,10.98034858,4.056334167,11.42194851,1581,2499561,13.986,2.489295144,15.1,0,10.31,106.2961,
Luxembourg,2003,11.00137169,4.072663671,11.437155,1579,2493241,14.007,3.301648887,,1.62595,10.7,114.49,
Luxembourg,2004,11.06653832,4.128940672,11.49277437,1578,2490084,14.035,3.693915471,,1.60262,10.69,114.2761,
Luxembourg,2005,11.12932926,4.197870251,11.54378138,1550,2402500,14.076,4.096569356,,1.57171,10.9,118.81,26.549366
Luxembourg,2006,11.26306281,4.307827305,11.65529869,1552,2408704,14.052,4.230311643,7.7,1.66674,10.84,117.5056,23.993208
Luxembourg,2007,11.33681001,4.34579141,11.7022636,1566,2452356,14.013,4.178920263,,1.59123,11.05,122.1025,26.512686
Luxembourg,2008,11.36896254,4.348497643,11.70540739,1567,2455489,13.976,4.15152965,,1.62293,10.89,118.5921,27.653927
Luxembourg,2009,11.31774475,4.337834345,11.66197454,1517,2301289,13.955,5.461376559,,1.6775,11.36,129.0496,34.795971
Luxembourg,2010,11.35719386,4.377725598,11.7018955,1517,2301289,13.919,5.8137713,4.6,1.50257,11.29,127.4641,35.475895
Luxembourg,2011,11.42752047,4.44309083,11.76629675,1515,2295225,13.924,5.66238681,,1.46277,11.26,126.7876,37.034779
Luxembourg,2012,11.42438624,4.44358703,11.76219446,1508,2274064,13.967,6.096054532,,1.27267,11.17,124.7689,39.110382
Luxembourg,2013,11.46421949,4.494577573,11.80959569,1503,2259009,14.026,6.821475526,,1.30266,11.18,124.9924,40.673241
Luxembourg,2014,11.5222182,4.548555283,11.86587149,1506,2268036,14.13,7.074818304,3.4,1.25978,11.64,135.4896,45.935593
Luxembourg,2015,11.55010532,4.565743894,11.88803982,1514,2292196,14.202,6.770453763,,1.27116,11.67,136.1889,39.794865
Luxembourg,2016,11.61050395,4.622761095,11.94421211,1513,2289169,14.233,6.340335282,,1.30252,11.64,135.4896,42.856003
Luxembourg,2017,11.63249943,4.637302838,11.95430627,1507,2271049,14.282,5.915417045,,1.2543,11.88,141.1344,40.325737
Luxembourg,2018,11.66669524,4.654639377,11.97165766,1506,2268036,14.354,5.451345068,,,11.82,139.7124,43.886856
Mexico,2000,9.293799652,2.596717666,10.28104547,2174,4726276,4.981,3.571162826,,0.30613,0.9,0.81,14.635047
Mexico,2001,9.299366741,2.625167743,10.29629932,2146,4605316,5.098,3.546237134,,0.32418,0.91,0.8281,15.109115
Mexico,2002,9.305648765,2.597756575,10.29221232,2196,4822416,5.211,3.868718558,,0.36667,0.91,0.8281,15.364734
Mexico,2003,9.332800234,2.65386128,10.32366182,2143,4592449,5.323,3.967350624,,0.38038,0.91,0.8281,15.5543
Mexico,2004,9.386127039,2.694089536,10.35484827,2123,4507129,5.44,4.656648865,,0.38816,0.91,0.8281,16.568291
Mexico,2005,9.436675427,2.717823355,10.36995213,2105,4431025,5.559,3.557898475,16.7,0.39844,0.91,0.8281,12.723972
Mexico,2006,9.526660063,2.807393087,10.44110347,2067,4272489,5.676,3.565955374,22.2,0.36922,0.92,0.8464,13.26213
Mexico,2007,9.563320562,2.847499109,10.47079937,2045,4182025,5.791,3.645155775,10,0.42606,0.92,0.8464,13.55181
Mexico,2008,9.608169899,2.860993352,10.51323879,2105,4431025,5.901,3.903608472,13.6,0.47073,0.91,0.8281,13.672557
Mexico,2009,9.584134991,2.904996022,10.49225449,1973,3892729,6.008,5.379213581,15.4,0.51677,0.9,0.81,14.308427
Mexico,2010,9.63283784,2.865538562,10.53876273,2150,4622500,6.117,5.328993379,11.6,0.53299,0.91,0.8281,14.654601
Mexico,2011,9.713938424,2.950492357,10.61020584,2121,4498641,6.232,5.194542114,12.5,0.51144,0.91,0.8281,15.012249
Mexico,2012,9.753830793,2.970176745,10.62920412,2120,4494400,6.355,4.923080108,16.7,0.48684,0.91,0.8281,15.709545
Mexico,2013,9.767770818,2.977302382,10.64394569,2136,4562496,6.487,4.942880886,18.6,0.49855,0.92,0.8464,16.20183
Mexico,2014,9.807390551,3.025156407,10.69086293,2134,4553956,6.625,4.831367339,18.3,0.53044,0.92,0.8464,15.996383
Mexico,2015,9.822171422,3.023998736,10.69251297,2140,4579600,6.764,4.335672604,16.7,0.52419,0.94,0.8836,16.278801
Mexico,2016,9.878440043,3.068685712,10.73999972,2146,4605316,6.91,3.884515233,16.5,0.4865,0.97,0.9409,16.818605
Mexico,2017,9.905046503,3.090165069,10.76241061,2148,4613904,7.071,3.43795219,11.1,0,1,1,17.418995
Mexico,2018,9.938161094,3.107071973,10.77931752,2148,4613904,7.246,3.300736698,14,,1.05,1.1025,17.979799
Netherlands,2000,10.36979007,3.744273455,11.03324312,1464,2143296,13.585,3.59889272,,1.80556,9.99,99.8001,23.375116
Netherlands,2001,10.41014678,3.77918447,11.06131098,1454,2114116,13.627,2.973964107,,1.81562,10.17,103.4289,23.205473
Netherlands,2002,10.44717874,3.827717035,11.09759603,1436,2062096,13.683,3.623233541,16.1,1.76885,10.28,105.6784,25.02088
Netherlands,2003,10.43743269,3.834228477,11.09813803,1428,2039184,13.78,4.836541399,,1.80551,10.38,107.7444,27.545015
Netherlands,2004,10.48505577,3.882803112,11.16066932,1448,2096704,13.941,5.667544571,,1.80727,10.32,106.5024,29.537558
Netherlands,2005,10.53543071,3.938806523,11.20675884,1434,2056356,14.152,5.892679795,,1.79103,10.15,103.0225,30.11544
Netherlands,2006,10.62046295,4.006170109,11.27191246,1430,2044900,14.373,5.01176893,16,1.7567,10.15,103.0225,30.189871
Netherlands,2007,10.68950325,4.049271043,11.31412159,1429,2042041,14.599,4.160434812,,1.68634,10.22,104.4484,30.803967
Netherlands,2008,10.74546505,4.093385502,11.35781209,1429,2042041,14.857,3.654366993,,1.64309,10.25,105.0625,32.167362
Netherlands,2009,10.70550853,4.073066396,11.33151169,1420,2016400,15.154,4.355575041,,1.6854,10.47,109.6209,32.785397
Netherlands,2010,10.71608494,4.095874358,11.35402834,1420,2016400,15.447,5.000430412,17.9,1.72475,10.5,110.25,32.389164
Netherlands,2011,10.74933925,4.124807373,11.38334644,1420,2016400,15.909,4.97484361,,1.90306,10.33,106.7089,32.041344
Netherlands,2012,10.76367276,4.151715552,11.40342203,1411,1990921,16.535,5.831590451,,1.93945,10.29,105.8841,34.398335
Netherlands,2013,10.80451817,4.204354129,11.45902617,1415,2002225,17.089,7.262512386,,1.95267,10.16,103.2256,33.869305
Netherlands,2014,10.80432409,4.201027328,11.46337209,1426,2033476,17.571,7.437566331,14.1,2.00116,10.21,104.2441,34.419815
Netherlands,2015,10.82579705,4.217316483,11.47981434,1426,2033476,17.984,6.897100094,,2.0039,10.23,104.6529,35.330765
Netherlands,2016,10.86444802,4.238025237,11.50855341,1438,2067844,18.335,6.02637588,,2.01303,10.39,107.9521,35.999168
Netherlands,2017,10.92141192,4.280763782,11.54942242,1435,2059225,18.676,4.855194337,,2.00166,10.43,108.7849,37.16811
Netherlands,2018,10.96065192,4.30384246,11.57022717,1433,2053489,19.015,3.836704872,,,10.44,108.9936,38.343895
New Zealand,2000,9.974800135,3.246246604,10.76159116,1836,3370896,11.755,6.143211165,7.2,0,6.76,45.6976,
New Zealand,2001,10.01627322,3.276784781,10.78612003,1825,3330625,11.869,5.458739108,8.1,1.10029,6.78,45.9684,
New Zealand,2002,10.05104792,3.299253836,10.8091369,1826,3334276,11.839,5.295214419,7.3,0,6.84,46.7856,
New Zealand,2003,10.08008143,3.321320819,10.82955959,1823,3323329,11.812,4.75493782,7.7,1.14891,7.1,50.41,
New Zealand,2004,10.12655948,3.345715538,10.85778678,1830,3348900,11.856,4.009965595,8.1,0,7.35,54.0225,
New Zealand,2005,10.14994963,3.346665867,10.85050662,1815,3294225,12.008,3.821729592,9.6,1.12045,7.54,56.8516,
New Zealand,2006,10.22835844,3.425727087,10.9184874,1795,3222025,12.225,3.856562923,9.3,0,7.83,61.3089,
New Zealand,2007,10.28564726,3.493334138,10.97432631,1774,3147076,12.436,3.589686597,7.1,1.15657,8.35,69.7225,
New Zealand,2008,10.30166189,3.501343999,10.97498111,1761,3101121,12.561,3.998242531,8.1,0,8.62,74.3044,
New Zealand,2009,10.32841047,3.570721117,11.03236151,1740,3027600,12.744,5.843016882,8.8,1.2525,8.85,78.3225,
New Zealand,2010,10.34709245,3.580522008,11.05074615,1755,3080025,12.951,6.13643782,7,0,8.87,78.6769,
New Zealand,2011,10.39413533,3.627357605,11.09244033,1746,3048516,13.232,5.95186936,4.5,1.231,8.69,75.5161,
New Zealand,2012,10.4015958,3.651286771,11.10947294,1734,3006756,13.679,6.370718173,5.9,0,8.9,79.21,
New Zealand,2013,10.49332913,3.714426701,11.18293997,1752,3069504,14.092,5.767195767,6.6,1.15412,9,81,
New Zealand,2014,10.5203185,3.719735061,11.19393987,1762,3104644,14.423,5.367057372,6.1,0,9.13,83.3569,35.628941
New Zealand,2015,10.52294053,3.728736263,11.20009936,1757,3087049,14.674,5.364331723,7.9,1.23006,9.47,89.6809,34.040531
New Zealand,2016,10.58573468,3.770885042,11.23939832,1752,3069504,14.88,5.097697814,7.8,0,9.73,94.6729,36.275139
New Zealand,2017,10.61153733,3.776034219,11.24511811,1753,3073009,15.082,4.694527736,7.2,0,9.87,97.4169,37.730431
New Zealand,2018,10.63323206,3.793741506,11.26453528,1756,3083536,15.288,4.280334344,7.9,,10.07,101.4049,39.292675
Norway,2000,10.51732242,3.894062721,11.17783063,1455,2117025,15.162,3.330904103,10.2,0,,0,
Norway,2001,10.53949238,3.937451113,11.19866417,1429,2042041,15.006,3.511910467,10.7,1.56231,,0,
Norway,2002,10.54485939,3.965412311,11.21448632,1414,1999396,14.867,3.762991785,10.7,1.63058,,0,
Norway,2003,10.55971995,4.013816505,11.25046039,1400.7,1961960.49,14.764,4.045180211,10.2,1.68036,,0,
Norway,2004,10.65750721,4.103754995,11.35152585,1420.5,2017820.25,14.722,4.185161699,9.7,1.54506,,0,
Norway,2005,10.77479223,4.216353604,11.46513133,1422.8,2024359.84,14.71,4.38161064,9.4,1.48317,,0,32.692787
Norway,2006,10.89843063,4.321542218,11.56553081,1419.8,2015832.04,14.677,3.398302388,9.2,1.45598,,0,32.926327
Norway,2007,10.93085876,4.322104415,11.57006167,1426,2033476,14.641,2.492614291,9.8,1.56401,,0,34.198307
Norway,2008,11.03035267,4.401647922,11.65071106,1429.5,2043470.25,14.661,2.549017707,9.2,1.55346,,0,36.004189
Norway,2009,10.92259403,4.324222122,11.55918121,1406.8,1979086.24,14.781,3.103344673,8.7,1.72279,,0,36.698498
Norway,2010,10.96753187,4.378690639,11.61960345,1415.3,2003074.09,14.981,3.52134411,8.1,1.64855,,0,37.284328
Norway,2011,11.03614445,4.442461238,11.68679932,1421.1,2019525.21,15.246,3.215001431,7.8,1.62534,,0,38.053513
Norway,2012,11.08750072,4.489520069,11.73108953,1419.7,2015548.09,15.529,3.124063249,6.4,1.61858,,0,38.561893
Norway,2013,11.11179524,4.521829544,11.75652728,1408.1,1982745.61,15.779,3.423634119,7,1.65004,,0,39.770252
Norway,2014,11.09582798,4.504654515,11.74127015,1426.9,2036043.61,16.028,3.484387775,6.3,1.71187,,0,41.757915
Norway,2015,11.00803686,4.420663584,11.6591222,1423.9,2027491.21,16.276,4.296857306,7.1,1.93095,,0,42.706734
Norway,2016,10.98388985,4.400382358,11.64065574,1424.4,2028915.36,16.519,4.679059852,,2.03222,,0,43.016758
Norway,2017,11.0499404,4.472385612,11.70278874,1419.1,2013844.81,16.783,4.161418072,,2.11315,,0,43.207031
Norway,2018,11.12156524,4.533487626,11.7651519,1416.4,2006188.96,17.087,3.800211322,,,,0,43.575832
Poland,2000,9.273895815,2.712960061,10.2429034,1863,3470769,12.244,16.01683661,,0.64202,2.99,8.9401,11.36204
Poland,2001,9.314810319,2.775087972,10.30610432,1865,3478225,12.467,18.16112119,14,0.62284,3.19,10.1761,11.885846
Poland,2002,9.374206586,2.867324078,10.39565587,1860,3459600,12.715,19.84323672,11,0.55785,3.13,9.7969,12.585118
Poland,2003,9.414130295,2.915300332,10.44631669,1865,3478225,12.86,19.55574128,11,0.53884,3.28,10.7584,14.17064
Poland,2004,9.498667344,2.987639162,10.51919153,1866,3481956,13.045,18.88959806,10.6,0.55251,3.26,10.6276,15.709586
Poland,2005,9.539462298,3.009286597,10.53815586,1861,3463321,13.207,17.66664421,11,0.56281,3.29,10.8241,16.926928
Poland,2006,9.625305303,3.062535089,10.59194155,1862,3467044,13.35,13.77913352,11.4,0.55082,3.44,11.8336,17.891872
Poland,2007,9.728459543,3.122909798,10.65070379,1859,3455881,13.435,9.55920275,12.2,0.56189,3.5,12.25,18.688519
Poland,2008,9.815478167,3.176400381,10.70042181,1852,3429904,13.468,7.086162392,13,0.59921,4.04,16.3216,19.565832
Poland,2009,9.857184657,3.231629115,10.74806241,1838,3378244,13.488,8.129842113,10.1,0.66097,4.41,19.4481,21.150869
Poland,2010,9.942936779,3.347344745,10.8615994,1834,3363556,13.445,9.579579141,7.2,0.7207,4.44,19.7136,22.468407
Poland,2011,10.02465062,3.42637794,10.93790257,1829,3345241,13.635,9.62373477,8.9,0.74588,4.48,20.0704,23.283596
Poland,2012,10.06654146,3.470075909,10.97886308,1824,3326976,14.023,10.12992257,10.6,0.88086,4.68,21.9024,24.512804
Poland,2013,10.10327092,3.508338212,11.0154793,1821,3316041,14.473,10.32736168,10.85,0.87053,4.94,24.4036,25.755669
Poland,2014,10.13847866,3.522657382,11.03308794,1827,3337929,14.999,8.958886417,11.1,0.94014,5.19,26.9361,26.995474
Poland,2015,10.18599514,3.55051724,11.0647719,1834,3363556,15.521,7.46223565,10.25,1.00371,5.45,29.7025,27.747267
Poland,2016,10.2380791,3.592694244,11.1080388,1836,3370896,16.1,6.132014061,9.4,0.96538,5.8,33.64,28.711193
Poland,2017,10.30232439,3.655028936,11.15886967,1815,3294225,16.663,4.864551644,,1.03812,6.14,37.6996,29.919453
Poland,2018,10.35435522,3.714156652,11.20524425,1792,3211264,17.23,3.865163952,,,6.34,40.1956,30.919592
Portugal,2000,9.846056281,3.086374758,10.55944385,1760,3097600,16.186,4.027909323,,0.72127,4.43,19.6249,8.8429394
Portugal,2001,9.879875772,3.118455177,10.582965,1745,3045025,16.456,4.009471487,,0.76452,4.46,19.8916,9.2361002
Portugal,2002,9.921166434,3.164805879,10.62587138,1739,3024121,16.659,4.995128618,,0.72144,4.48,20.0704,9.4179335
Portugal,2003,9.944070671,3.204627112,10.66223641,1733,3003289,16.843,6.264003718,,0.69759,4.45,19.8025,10.958982
Portugal,2004,9.973865866,3.24102327,10.70151359,1738,3020644,17.061,6.622858592,13,0.72871,4.45,19.8025,12.516933
Portugal,2005,10.03123639,3.303689141,10.76532954,1740,3027600,17.271,7.581847145,16,0.75707,4.47,19.9809,12.844431
Portugal,2006,10.11265064,3.38931176,10.84461023,1729,2989441,17.45,7.647339591,14.4,0.95455,4.46,19.8916,13.480192
Portugal,2007,10.15449075,3.42376455,10.8882744,1745,3045025,17.633,7.963818078,15.3,1.12427,4.55,20.7025,13.692096
Portugal,2008,10.19113606,3.465093509,10.9227028,1733,3003289,17.847,7.552070394,15.6,1.4452,4.69,21.9961,14.300379
Portugal,2009,10.18431415,3.486847783,10.94445708,1733,3003289,18.114,9.431606385,13.8,1.57973,4.99,24.9001,14.66682
Portugal,2010,10.21391552,3.530099877,10.98886258,1735,3010225,18.475,10.77021864,13.5,1.53257,5.2,27.04,15.445285
Portugal,2011,10.19501576,3.541520848,10.98810594,1714,2937796,18.868,12.67719799,15.2,1.45683,5.12,26.2144,17.25703
Portugal,2012,10.18256296,3.57612506,11.01333143,1698,2883204,19.212,15.52641846,16.3,1.37777,4.98,24.8004,18.534111
Portugal,2013,10.23767168,3.64953764,11.09203036,1707,2913849,19.615,16.18334406,16.7,1.32641,4.97,24.7009,19.307142
Portugal,2014,10.26612564,3.65449288,11.10107797,1714,2937796,20.07,13.89368634,18.9,1.28973,4.98,24.8004,21.7169
Portugal,2015,10.29785141,3.663591979,11.11483366,1722,2965284,20.496,12.44423913,18.9,1.24263,5.16,26.6256,22.857506
Portugal,2016,10.36105219,3.70584952,11.15883185,1725,2975625,20.907,11.06642656,14.3,1.28763,5.38,28.9444,23.847389
Portugal,2017,10.40686769,3.715741565,11.16988265,1727,2982529,21.31,8.867356079,14.8,1.32733,5.58,31.1364,24.039421
Portugal,2018,10.4420867,3.729232363,11.18047405,1722,2965284,21.672,6.993655161,,,5.76,33.1776,24.984337
Russia,2000,8.899851097,2.120208415,9.71207008,1982,3928324,12.355,10.51911441,,1.04984,0.16,0.0256,
Russia,2001,8.975446742,2.191762241,9.782614397,1980,3920400,12.521,8.978713293,,1.17694,0.25,0.0625,
Russia,2002,9.063319592,2.250716791,9.842578507,1982,3928324,12.826,7.874842793,,1.24782,0.34,0.1156,
Russia,2003,9.205361303,2.386089862,9.983486163,1993,3972049,13.201,8.229416964,,1.28603,0.37,0.1369,
Russia,2004,9.305255769,2.469355183,10.06675148,1993,3972049,13.551,7.778668805,,1.15133,0.41,0.1681,
Russia,2005,9.45023896,2.599329156,10.19471647,1989,3956121,13.821,7.166913641,,1.06797,0.45,0.2025,
Russia,2006,9.68242932,2.81371693,10.41361891,1998,3992004,13.976,7.162153711,,1.07294,0.6,0.36,
Russia,2007,9.79255203,2.897018453,10.4974208,1999,3996001,13.912,6.105036972,,1.11611,1.16,1.3456,
Russia,2008,9.98412684,3.083578852,10.68298017,1997,3988009,13.556,6.324848941,,1.04435,1.02,1.0404,
Russia,2009,9.945001802,3.080010001,10.6678272,1974,3896676,13.103,8.457768943,,1.25192,1.71,2.9241,
Russia,2010,10.00019053,3.127467917,10.7162978,1976,3904576,12.79,7.470912025,,1.1302,1.6,2.56,50.371468
Russia,2011,10.09686049,3.208426541,10.79877347,1979,3916441,12.734,6.495729582,,1.01261,1.53,2.3409,50.557613
Russia,2012,10.15574703,3.257807227,10.84966894,1982,3928324,12.859,5.458343271,,1.02675,1.5,2.25,50.516804
Russia,2013,10.173266,3.280619444,10.87147156,1980,3920400,13.033,5.477960341,,1.02524,1.58,2.4964,51.261497
Russia,2014,10.15624873,3.276858164,10.87023234,1985,3940225,13.315,5.156377383,,1.07011,1.57,2.4649,51.567863
Russia,2015,10.08835168,3.203742857,10.79358435,1978,3912484,13.679,5.567388749,,1.09689,1.46,2.1316,52.42807
Russia,2016,10.08881619,3.207110605,10.79492781,1974,3896676,14.017,5.537195685,,1.09557,1.42,2.0164,53.056892
Russia,2017,10.15683575,3.276707128,10.86755926,1980,3920400,14.262,5.211665518,,1.10733,1.68,2.8224,56.70015
Russia,2018,#NUM!,3.366032619,10.95283615,1972,3888784,14.746,4.80176807,,,2.27,5.1529,
Slovak Republic,2000,9.337463587,2.814322681,10.31849827,1816,3297856,11.434,18.75700646,,0.63927,1.35,1.8225,10.37334
Slovak Republic,2001,9.424625252,2.900037835,10.39598686,1801,3243601,11.375,19.30252883,,0.62565,1.49,2.2201,10.942797
Slovak Republic,2002,9.496111477,2.99668447,10.46637888,1754,3076516,11.452,18.62769478,20.4,0.56389,1.67,2.7889,10.958904
Slovak Republic,2003,9.557465203,3.080144881,10.51709705,1698,2883204,11.506,17.50088138,20.7,0.56247,1.99,3.9601,11.784762
Slovak Republic,2004,9.627999128,3.12770991,10.59049774,1742,3034564,11.606,18.13321011,20.9,0.50149,2.16,4.6656,12.776853
Slovak Republic,2005,9.716872488,3.185791649,10.66423759,1769,3129361,11.711,16.16923892,20.1,0.49401,2.3,5.29,14.004099
Slovak Republic,2006,9.843133289,3.289357886,10.77060734,1774,3147076,11.829,13.31092089,17.8,0.47563,2.47,6.1009,14.567307
Slovak Republic,2007,9.957697083,3.374884617,10.8655272,1791,3207681,11.948,11.01684518,17.5,0.44824,2.7,7.29,14.438412
Slovak Republic,2008,10.06938232,3.455363072,10.94720802,1793,3214849,12.064,9.566364447,16.4,0.46204,2.82,7.9524,14.763523
Slovak Republic,2009,10.04190519,3.457135935,10.94169548,1780,3168400,12.198,12.05122724,16.4,0.47326,3.1,9.61,15.762831
Slovak Republic,2010,10.12634794,3.545238821,11.04363696,1805,3258025,12.354,14.37280621,14.9,0.61614,3.23,10.4329,17.327984
Slovak Republic,2011,10.16781672,3.569985129,11.06163637,1793,3214849,12.681,13.60566428,15.4,0.66326,3.33,11.0889,18.617317
Slovak Republic,2012,10.20137041,3.606754637,11.09618952,1789,3200521,12.953,13.94803203,16,0.80495,3.43,11.7649,18.979084
Slovak Republic,2013,10.23885919,3.663088457,11.14273434,1772,3139984,13.338,14.21679204,14.1,0.82362,3.43,11.7649,19.87734
Slovak Republic,2014,10.27477778,3.692833277,11.16568299,1760,3097600,13.749,13.17834442,14.4,0.88008,3.43,11.7649,20.379578
Slovak Republic,2015,10.30668998,3.709013154,11.17871783,1754,3076516,14.204,11.47630786,13.4,1.1753,3.43,11.7649,21.149881
Slovak Republic,2016,10.29726917,3.685690099,11.14733712,1740,3027600,14.718,9.645139361,13.9,0.78965,3.43,11.7649,21.979519
Slovak Republic,2017,10.33885829,3.722040789,11.16849976,1714,2937796,15.255,8.130797016,15,0.88128,3.43,11.7649,23.095415
Slovak Republic,2018,10.39271831,3.763185539,11.20387463,1698,2883204,15.782,6.535394363,,,3.43,11.7649,24.58342
Slovenia,2000,9.798333143,3.130988079,10.57527611,1710.1,2924442.01,0.14,6.792563728,,1.3563,4.6,21.16,15.726464
Slovenia,2001,9.849946249,3.186532204,10.62247319,1695.9,2876076.81,0.143,6.228671908,,1.46773,4.81,23.1361,15.4919165
Slovenia,2002,9.915239889,3.223300183,10.67366313,1720.5,2960120.25,0.146,6.369097999,9.4,1.43874,4.99,24.9001,15.257369
Slovenia,2003,9.956248965,3.26616925,10.71845433,1723.8,2971486.44,0.149,6.738480918,,1.24528,5.16,26.6256,17.744364
Slovenia,2004,10.03176489,3.331788174,10.7914334,1736.6,3015779.56,0.152,6.349830793,,1.36806,5.33,28.4089,19.040981
Slovenia,2005,10.07948102,3.409404676,10.84575785,1696.6,2878451.56,0.155,6.567383406,,1.41229,5.46,29.8116,20.171976
Slovenia,2006,10.1533459,3.488508503,10.90753778,1667.5,2780556.25,0.157,6.003650017,7.2,1.53291,5.5,30.25,21.387041
Slovenia,2007,10.2230808,3.538283777,10.94978278,1654.9,2738694.01,0.16,4.863432153,,1.42382,5.44,29.5936,22.227602
Slovenia,2008,10.29534923,3.576231617,10.9988944,1673.7,2801271.69,0.163,4.413528429,,1.62564,5.57,31.0249,22.637665
Slovenia,2009,10.22329916,3.527173811,10.953125,1678.8,2818369.44,0.165,5.900695611,,1.81629,5.73,32.8329,23.315817
Slovenia,2010,10.23431038,3.562093715,10.98883782,1680.1,2822736.01,0.166,7.249159866,1,2.05763,6.75,45.5625,23.716619
Slovenia,2011,10.27268355,3.629505414,11.04610106,1663.2,2766234.24,0.166,8.212797254,,2.42358,6.95,48.3025,25.09059
Slovenia,2012,10.27671632,3.656457032,11.06155651,1644.6,2704709.16,0.17,8.880118402,,2.57319,6.93,48.0249,26.439035
Slovenia,2013,10.30827318,3.689874284,11.10579454,1662.4,2763573.76,0.173,10.11904762,,2.5801,7,49,27.880541
Slovenia,2014,10.33762833,3.704394324,11.13198503,1681.9,2828787.61,0.177,9.724273757,5,2.3667,7.03,49.4209,28.600916
Slovenia,2015,10.36218771,3.713378048,11.14426893,1687.8,2848668.84,0.182,9.000743863,,2.19655,7.08,50.1264,30.173296
Slovenia,2016,10.43043275,3.785482797,11.19545595,1652.9,2732078.41,0.187,8.017089721,,2.00888,7.09,50.2681,30.735788
Slovenia,2017,10.5094653,3.854582794,11.24569099,1621.7,2629910.89,0.191,6.598490382,,1.85113,7.11,50.5521,34.302807
Slovenia,2018,10.56580197,3.896838421,11.27378719,1602.8,2568967.84,0.197,5.128205124,,,7.32,53.5824,32.455208
Spain,2000,9.980426386,3.398290862,10.86727248,1752.8,3072307.84,0.166,11.19366577,,0.88495,5.74,32.9476,22.704889
Spain,2001,10.04353223,3.429626809,10.90387121,1762.5,3106406.25,0.169,10.52902177,,0.89019,5.65,31.9225,23.751223
Spain,2002,10.10136781,3.478067554,10.95320688,1764.6,3113813.16,0.17,11.45034142,17.2,0.96005,5.6,31.36,24.921057
Spain,2003,10.12717799,3.495948102,10.96596319,1755.9,3083184.81,0.169,11.48356804,,1.02219,5.54,30.6916,25.625629
Spain,2004,10.17191621,3.528725373,10.99030897,1741.5,3032822.25,0.167,10.96166894,12.6,1.03849,5.49,30.1401,26.748661
Spain,2005,10.22560501,3.569015718,11.02125524,1725.6,2977695.36,0.166,9.146166964,12.5,1.09577,5.79,33.5241,28.518797
Spain,2006,10.33229858,3.657190006,11.10362378,1715.7,2943626.49,0.166,8.452144688,13.5,1.17217,6.03,36.3609,28.809401
Spain,2007,10.38681465,3.706828698,11.14598121,1703.5,2901912.25,0.165,8.232158325,8.9,1.23448,6.18,38.1924,29.27644
Spain,2008,10.4115768,3.741712577,11.18603501,1712.6,2932998.76,0.165,11.25454275,11.8,1.31706,6.25,39.0625,29.519304
Spain,2009,10.37723667,3.777869202,11.22550659,1719.7,2957368.09,0.167,17.85674365,7.3,1.35134,6.52,42.5104,29.989544
Spain,2010,10.36450395,3.792806943,11.23458209,1710.4,2925468.16,0.17,19.85972383,13.5,1.34961,6.5,42.25,31.016668
Spain,2011,10.36949455,3.824354503,11.26900756,1715.5,2942940.25,0.172,21.39051638,8.3,1.32508,6.38,40.7044,31.91456
Spain,2012,10.36484868,3.869496622,11.30595277,1701.2,2894081.44,0.175,24.78714964,8.6,1.28788,6.22,38.6884,32.649994
Spain,2013,10.38753768,3.917257402,11.34963731,1693.5,2867942.25,0.179,26.09354197,,1.26859,6.17,38.0689,33.734821
Spain,2014,10.42062378,3.936604861,11.36942234,1694.6,2871669.16,0.183,24.44131508,11.5,1.23535,6.18,38.1924,34.678776
Spain,2015,10.46134698,3.946603952,11.38159184,1699.6,2888640.16,0.186,22.05727897,,1.21963,6.25,39.0625,35.081161
Spain,2016,10.52701307,3.987761559,11.42699769,1701.5,2895102.25,0.188,19.6347062,,1.18549,6.32,39.9424,35.693489
Spain,2017,10.58726211,4.03059803,11.46277188,1690.2,2856776.04,0.191,17.22351757,,1.20757,6.7,44.89,36.351273
Spain,2018,10.61009831,4.032203875,11.46793743,1701,2893401,0.193,15.25473706,,,6.85,46.9225,37.252804
Sweden,2000,10.2908069,3.701696983,11.01491737,1500,2250000,17.264,6.748432257,12.4,0,,0,30.122953
Sweden,2001,10.30126317,3.708726174,11.00717128,1478,2184484,17.215,5.833738015,12.4,3.91382,,0,31.602741
Sweden,2002,10.33367984,3.758320695,11.04245551,1457,2122849,17.176,5.952072772,11.9,0,,0,32.56509
Sweden,2003,10.3603945,3.802748194,11.07861279,1445,2088025,17.163,6.565753314,11.5,3.61438,,0,33.419739
Sweden,2004,10.42254921,3.860709206,11.15168399,1467,2152089,17.21,7.373467276,10.8,3.39134,,0,34.529377
Sweden,2005,10.43497089,3.87689707,11.16718995,1466,2149156,17.275,7.651947096,11.3,3.387,,0,29.645443
Sweden,2006,10.53020306,3.963044754,11.24992117,1461,2134521,17.327,7.055153032,11,3.50032,,0,30.520433
Sweden,2007,10.61127216,4.020933983,11.31531129,1472,2166784,17.435,6.12782913,11.8,3.25661,,0,31.328465
Sweden,2008,10.6447528,4.051893064,11.34966135,1477,2181529,17.644,6.184723238,10.6,3.49525,,0,32.02702
Sweden,2009,10.60129589,4.042803184,11.33582087,1470,2160900,17.938,8.306471609,9.5,3.44965,,0,33.060085
Sweden,2010,10.65043674,4.077904766,11.38711713,1494,2232036,18.277,8.578994982,9.4,3.21611,,0,33.868935
Sweden,2011,10.70332844,4.117435714,11.42463803,1491,2223081,18.636,7.770781066,9.2,3.24919,,0,35.174355
Sweden,2012,10.72115703,4.144070209,11.44251531,1478,2184484,18.977,7.961246633,9.4,3.28134,,0,35.698952
Sweden,2013,10.73939991,4.166599749,11.45961742,1470,2160900,19.273,8.016659687,9.3,3.30605,,0,37.034386
Sweden,2014,10.75887467,4.182092279,11.47510995,1470,2160900,19.519,7.924842645,9.2,3.14587,,0,38.700306
Sweden,2015,10.79906388,4.217489715,11.51118743,1471,2163841,19.696,7.395833832,8.3,3.26549,,0,39.786552
Sweden,2016,10.8284179,4.233614804,11.53476261,1482,2196324,19.773,6.938341647,8.2,3.2549,,0,41.139179
Sweden,2017,10.87223495,4.274803371,11.56782105,1470,2160900,19.801,6.663103593,7.3,3.31203,,0,41.936691
Sweden,2018,10.89317496,4.288879811,11.58461489,1474,2172676,19.861,6.289578108,,,,0,43.26717
Switzerland,2000,10.47566864,3.636648668,11.06483409,1712.7,2933341.29,15.324,3.134126601,23.8,2.32344,,0,24.177282
Switzerland,2001,10.50569107,3.678041535,11.08265852,1672.8,2798259.84,15.542,2.773129357,23.3,0,,0,25.401983
Switzerland,2002,10.53119933,3.716712107,11.10833862,1651.3,2726791.69,15.594,3.522305594,22.8,0,,0,25.385767
Switzerland,2003,10.5311323,3.719578504,11.11921694,1664.5,2770560.25,15.653,4.764067869,22.4,0,,0,26.875856
Switzerland,2004,10.56909198,3.74347199,11.16121479,1695,2873025,15.761,5.057927785,22,2.67269,,0,28.088779
Switzerland,2005,10.60477343,3.780702652,11.19550139,1690,2856100,15.901,5.062051502,21.65,0,,0,28.763943
Switzerland,2006,10.71111994,3.877573373,11.28600212,1679.2,2819712.64,16.084,4.581688308,21.3,0,,0,29.851349
Switzerland,2007,10.80965978,3.965221837,11.36745638,1668.9,2785227.21,16.29,4.157239893,21.3,0,,0,31.327906
Switzerland,2008,10.86594881,4.015489505,11.41206919,1659.5,2753940.25,16.475,3.89071423,21.3,2.71472,,0,33.652287
Switzerland,2009,10.85134692,4.01367581,11.40501056,1650.8,2725140.64,16.681,4.762697176,20.7,0,,0,35.020153
Switzerland,2010,10.87614758,4.044971125,11.43783087,1624.3,2638350.49,16.922,4.805208266,20.1,0,,0,33.881504
Switzerland,2011,10.93638406,4.090336809,11.48009671,1619.3,2622132.49,17.029,4.409090327,19.7,0,,0,34.000179
Switzerland,2012,10.96560185,4.12282074,11.50259767,1603.2,2570250.24,17.28,4.496977839,19.3,3.18623,,0,35.291126
Switzerland,2013,11.00390722,4.1728424,11.53985158,1582.9,2505572.41,17.501,4.749192947,18.1,0,,0,37.407192
Switzerland,2014,11.03331038,4.200662015,11.56287693,1575.3,2481570.09,17.697,4.826838331,16.9,0,,0,38.428497
Switzerland,2015,11.06568413,4.220471711,11.59163048,1589.5,2526510.25,17.873,4.812694588,15.85,3.3743,,0,39.782719
Switzerland,2016,11.09316104,4.244593569,11.61622618,1589.7,2527146.09,18.022,4.91889683,14.8,0,,0,41.235474
Switzerland,2017,11.11452098,4.279260639,11.63779196,1570,2464900,18.182,4.794896926,,0,,0,42.594601
Switzerland,2018,11.14702963,4.315309983,11.66850981,1561,2436721,18.371,4.722604311,,,,0,43.744415
Turkey,2000,9.151925575,2.79922688,10.36812257,1937,3751969,6.741,5.996947245,,0.46783,3.37,11.3569,8.3461838
Turkey,2001,9.11355679,2.772480154,10.34395381,1942,3771364,6.706,7.803685611,,0.52638,2.9,8.41,8.4432325
Turkey,2002,9.127891365,2.802112208,10.37410064,1943,3775249,6.683,9.764320906,,0.51294,3.11,9.6721,9.1408987
Turkey,2003,9.15931795,2.853344291,10.42533273,1943,3775249,6.677,9.925145893,,0.46945,3.31,10.9561,9.7044678
Turkey,2004,9.284114041,2.984100081,10.54313835,1918,3678724,6.69,9.687696699,,0.50215,4.32,18.6624,9.653903
Turkey,2005,9.375475506,3.057034501,10.62541375,1936,3748096,6.724,9.500769231,,0.56931,4.5,20.25,10.23861
Turkey,2006,9.511436653,3.184244379,10.75674736,1944,3779136,6.781,9.03424897,3.2,0.55749,4.46,19.8916,10.919287
Turkey,2007,9.597391048,3.285143375,10.84052534,1911,3651921,6.853,9.15623083,,0.69182,4.43,19.6249,11.290907
Turkey,2008,9.674747126,3.363720169,10.91332933,1900,3610000,6.962,10.02457987,,0.69292,4.36,19.0096,12.040659
Turkey,2009,9.6386874,3.348770217,10.88832904,1881,3538161,6.925,13.02716289,,0.8094,4.48,20.0704,12.710275
Turkey,2010,9.755253574,3.424508585,10.96193864,1877,3523129,7.117,11.10877918,3.1,0.79892,4.52,20.4304,13.118464
Turkey,2011,9.875352098,3.506540577,11.0371386,1864.22,3475316.208,7.288,9.124106631,,0.79988,4.65,21.6225,14.034094
Turkey,2012,9.926883652,3.544855868,11.07052818,1855.06,3441247.604,7.431,8.412188641,,0.83217,4.78,22.8484,15.290227
Turkey,2013,10.0080667,3.622798304,11.13596186,1832,3356224,7.6,9.035779633,,0.81821,4.87,23.7169,15.907355
Turkey,2014,10.08508437,3.663204044,11.17636759,1832,3356224,7.829,9.938114834,6.9,0.86077,4.93,24.3049,16.693634
Turkey,2015,10.15531981,3.719389236,11.23255279,1832,3356224,8.111,10.28676642,,0.8815,5.29,27.9841,18.020138
Turkey,2016,10.18527493,3.741273142,11.25443668,,0,8.292,10.90067822,,0.94464,6.35,40.3225,19.362528
Turkey,2017,10.24738049,3.78118704,11.2943506,,0,8.434,10.90773096,,0.96156,6.16,37.9456,20.013071
Turkey,2018,10.25606622,3.784619337,11.29778287,,0,8.649,10.99347735,,,6.05,36.6025,20.780222
United Kingdom,2000,10.18173861,3.585569889,10.94376365,1569,2461761,15.806,5.45914243,26.3,1.6268,6.52,42.5104,25.683083
United Kingdom,2001,10.23135919,3.630772685,10.98896643,1569,2461761,15.856,5.099952913,25.6,1.62331,6.72,45.1584,26.126522
United Kingdom,2002,10.27748969,3.683068503,11.03101233,1553,2411809,15.884,5.187843008,24.4,1.62964,7.2,51.84,26.840527
United Kingdom,2003,10.31782741,3.725128207,11.06596376,1542,2377764,15.912,5.013336924,24.1,1.59374,7.36,54.1696,27.998173
United Kingdom,2004,10.37302141,3.783740101,11.11545507,1528,2334784,15.929,4.754750995,23.4,1.54555,7.78,60.5284,29.338522
United Kingdom,2005,10.39396295,3.790168904,11.13294809,1545,2387025,15.915,4.8310613,22.1,1.56386,8.14,66.2596,29.709032
United Kingdom,2006,10.4565815,3.85359987,11.192488,1539,2368521,15.872,5.424551268,21.7,1.58552,8.31,69.0561,34.191841
United Kingdom,2007,10.48008408,3.875715472,11.21590231,1541,2374681,15.889,5.332269941,21.6,1.6268,8.53,72.7609,35.536041
United Kingdom,2008,10.50917147,3.917634671,11.24475796,1521,2313441,16.003,5.686773834,21.9,1.63064,8.52,72.5904,35.216167
United Kingdom,2009,10.46420536,3.899108835,11.22293941,1516,2298256,16.177,7.614309706,20.7,1.69094,8.63,74.4769,36.984959
United Kingdom,2010,10.50154403,3.948561162,11.26577357,1506,2268036,16.352,7.870640337,19.2,1.66861,8.53,72.7609,38.187191
United Kingdom,2011,10.52261604,3.964988839,11.2901378,1518,2304324,16.525,8.110538539,18.2,1.67454,8.41,70.7281,39.412373
United Kingdom,2012,10.55344087,3.983071621,11.31674801,1531,2343961,17.017,7.967645965,17.8,1.60252,8.4,70.56,40.977753
United Kingdom,2013,10.59625679,4.014019166,11.354206,1541,2374681,17.365,7.608269457,17.5,1.6476,8.35,69.7225,41.891979
United Kingdom,2014,10.62787541,4.025998714,11.37007157,1547,2393209,17.659,6.179976662,17.4,1.66568,8.42,70.8964,42.217449
United Kingdom,2015,10.65778119,4.057043082,11.39071947,1531,2343961,17.833,5.384807313,17.1,1.67445,8.64,74.6496,44.197987
United Kingdom,2016,10.69507735,4.078859823,11.42163901,1545,2387025,17.996,4.893376377,16.8,1.68744,9.4,88.36,45.766762
United Kingdom,2017,10.73613492,4.117297239,11.45878109,1543,2380849,18.155,4.402346924,16.5,1.6736,9.46,89.4916,45.744305
United Kingdom,2018,10.75545438,4.133971619,11.47220977,1538,2365444,18.312,4.080516274,16.4,,9.64,92.9296,45.781677
United States,2000,10.49969979,3.704322076,11.20728508,1832,3356224,12.429,3.987132889,23.1,2.6205,7.51,56.4001,36.494774
United States,2001,10.52136984,3.748155685,11.23860713,1811,3279721,12.384,4.750389369,23.6,2.63832,7.3,53.29,37.520222
United States,2002,10.54480466,3.79158734,11.27443795,1806,3261636,12.35,5.78171553,22.1,2.54968,7.19,51.6961,38.133007
United States,2003,10.58218299,3.840414129,11.31196368,1796,3225616,12.362,5.986539203,20.6,2.55287,7.03,49.4209,38.42197
United States,2004,10.63700488,3.892288984,11.36526993,1798,3232804,12.364,5.523039996,19.6,2.48995,6.85,46.9225,39.052998
United States,2005,10.69293838,3.943929458,11.41360673,1794,3218436,12.402,5.076780521,19,2.50599,6.62,43.8244,39.054729
United States,2006,10.74140252,3.983869024,11.4529566,1796,3225616,12.455,4.617465075,19.2,2.55002,6.41,41.0881,39.486282
United States,2007,10.7769138,4.023002093,11.4871841,1795,3222025,12.557,4.619105436,19.8,2.62692,6.61,43.6921,40.270866
United States,2008,10.78541919,4.052404843,11.50942074,1787,3193369,12.752,5.798497618,20.1,2.76683,7.18,51.5524,41.10516
United States,2009,10.75850186,4.092106894,11.52900907,1762,3104644,12.916,9.27084921,19.8,2.81859,8.03,64.4809,41.214626
United States,2010,10.78716838,4.128364596,11.57155116,1773,3143529,13.086,9.62280877,18.8,2.74046,8.35,69.7225,41.662415
United States,2011,10.81598509,4.149431779,11.60204941,1780,3168400,13.272,8.942958008,17.8,2.76965,8.09,65.4481,42.44838
United States,2012,10.85013227,4.171893131,11.62530128,1783,3179089,13.743,8.065393835,19.1,2.68859,7.93,62.8849,43.052437
United States,2013,10.87891371,4.193535098,11.65111437,1781,3171961,14.124,7.372598229,17.9,2.72486,7.81,60.9961,43.910252
United States,2014,10.91496427,4.21794849,11.67859533,1784,3182656,14.501,6.158009196,17.5,2.73389,7.69,59.1361,44.224617
United States,2015,10.94677065,4.235824,11.70101293,1785,3186225,14.862,5.27720283,18.9,2.73222,7.68,58.9824,44.629398
United States,2016,10.96620477,4.248266044,11.71057737,1781,3171961,15.236,4.870906733,18.1,2.77191,7.59,57.6081,45.666355
United States,2017,11.0018347,4.279351773,11.7403585,1780,3168400,15.622,4.351419588,18.2,2.80161,7.43,55.2049,46.3568
United States,2018,11.04854851,4.31322508,11.77759694,1786,3189796,16.026,3.890711664,,,7.25,52.5625,47.431145
